City_ID,City,Country,Lat,Lng,Max Temp,Humidity,Cloudiness,Wind Speed,Date
0,Khandyga,RU,62.67,135.6,52.09,50,0,1.23,2020-08-26 22:31:33
1,Yellowknife,CA,62.46,-114.35,57.2,93,90,3.36,2020-08-26 22:31:03
2,Kapaa,US,22.08,-159.32,86.0,66,40,11.41,2020-08-26 22:31:33
3,Beyneu,KZ,45.32,55.2,72.64,24,0,5.91,2020-08-26 22:31:33
4,Naze,JP,28.37,129.48,80.6,88,75,28.86,2020-08-26 22:31:33
5,Ushuaia,AR,-54.8,-68.3,41.0,56,75,3.51,2020-08-26 22:31:33
6,Port Alfred,ZA,-33.59,26.89,58.51,68,79,18.39,2020-08-26 22:31:33
7,Atar,MR,20.52,-13.05,97.38,32,30,3.2,2020-08-26 22:31:34
8,Nishihara,JP,26.18,127.76,82.4,94,75,10.29,2020-08-26 22:31:34
9,Pithora,IN,21.27,82.52,73.47,97,100,12.26,2020-08-26 22:31:34
10,Ortona,IT,42.35,14.4,75.99,78,0,4.7,2020-08-26 22:31:34
11,Nikolskoye,RU,59.7,30.79,57.0,76,93,4.56,2020-08-26 22:31:34
12,Torbay,CA,47.67,-52.73,62.01,100,90,19.46,2020-08-26 22:31:34
13,Mata,PT,40.68,-7.46,66.99,81,0,3.38,2020-08-26 22:31:34
14,Lagoa,PT,39.05,-27.98,74.16,89,88,3.83,2020-08-26 22:31:35
15,Kharan,PK,28.58,65.42,82.83,43,74,3.6,2020-08-26 22:31:35
16,Datong,CN,40.09,113.29,64.92,63,8,3.36,2020-08-26 22:31:35
17,Bengkulu,ID,-3.8,102.27,74.16,88,47,5.44,2020-08-26 22:31:35
18,Zhigansk,RU,66.77,123.37,50.25,48,1,2.33,2020-08-26 22:31:35
19,Bluff,NZ,-46.6,168.33,45.0,72,59,11.01,2020-08-26 22:31:35
20,Hermanus,ZA,-34.42,19.23,52.79,79,0,15.64,2020-08-26 22:31:35
21,Abbeville,FR,50.1,1.83,57.0,80,100,7.34,2020-08-26 22:31:36
22,Mataura,NZ,-46.19,168.86,45.0,72,76,11.01,2020-08-26 22:31:36
23,Bredasdorp,ZA,-34.53,20.04,59.0,62,16,8.05,2020-08-26 22:31:36
24,Puerto Ayora,EC,-0.74,-90.35,77.0,57,75,20.8,2020-08-26 22:31:06
25,Atuona,PF,-9.8,-139.03,78.46,77,41,21.34,2020-08-26 22:31:36
26,Margate,GB,51.38,1.39,64.99,79,88,1.99,2020-08-26 22:30:16
27,Dikson,RU,73.51,80.55,44.33,100,100,5.64,2020-08-26 22:31:37
28,Punta Arenas,CL,-53.15,-70.92,41.0,69,90,16.11,2020-08-26 22:28:52
29,Arraial Do Cabo,BR,-22.97,-42.03,68.0,88,40,12.75,2020-08-26 22:29:07
30,Erenhot,CN,43.65,111.98,72.46,40,0,8.37,2020-08-26 22:31:37
31,Cherskiy,RU,68.75,161.3,41.38,87,98,6.6,2020-08-26 22:31:37
32,Albany,US,42.6,-73.97,70.0,45,84,9.28,2020-08-26 22:31:37
33,Svetlogorsk,BY,52.63,29.73,57.4,92,69,10.8,2020-08-26 22:31:37
34,Fortuna,US,40.6,-124.16,63.0,82,20,14.99,2020-08-26 22:31:37
35,Lavrentiya,RU,65.58,-171.0,50.23,75,77,2.82,2020-08-26 22:31:38
36,Nuevo Casas Grandes,MX,30.42,-107.92,93.0,18,0,5.99,2020-08-26 22:31:38
37,Iqaluit,CA,63.75,-68.51,44.6,87,75,4.7,2020-08-26 22:31:38
38,Vaini,TO,-21.2,-175.2,78.8,65,20,10.29,2020-08-26 22:31:38
39,Aberdeen,GB,57.14,-2.1,52.0,87,75,2.24,2020-08-26 22:27:37
40,Grajau,BR,-5.82,-46.14,84.65,44,83,1.25,2020-08-26 22:27:33
41,Moindou,NC,-21.69,165.68,71.6,53,20,13.87,2020-08-26 22:31:39
42,Namatanai,PG,-3.67,152.43,82.62,76,59,6.98,2020-08-26 22:31:39
43,Rikitea,PF,-23.12,-134.97,68.72,60,0,6.76,2020-08-26 22:31:39
44,Cap Malheureux,MU,-19.98,57.61,72.0,71,4,5.99,2020-08-26 22:31:39
45,Chenzhou,CN,25.8,113.03,72.88,88,0,0.51,2020-08-26 22:31:19
46,Hobart,AU,-42.88,147.33,50.0,66,75,6.93,2020-08-26 22:31:14
47,Noumea,NC,-22.28,166.46,71.6,53,20,13.87,2020-08-26 22:28:02
48,Jamestown,US,42.1,-79.24,73.0,78,75,11.41,2020-08-26 22:31:39
49,Codrington,AU,-38.27,141.97,51.78,84,19,15.21,2020-08-26 22:31:40
50,Paamiut,GL,61.99,-49.67,43.92,79,12,5.5,2020-08-26 22:31:40
51,Ponta Do Sol,PT,32.67,-17.1,77.0,56,0,4.36,2020-08-26 22:31:40
52,Bad Windsheim,DE,49.5,10.42,66.2,52,90,11.41,2020-08-26 22:31:40
53,Port Hardy,CA,50.7,-127.42,62.6,82,75,5.82,2020-08-26 22:31:40
54,Hilo,US,19.73,-155.09,84.2,62,1,10.29,2020-08-26 22:30:18
55,Jibuti,DJ,11.5,42.5,96.8,28,1,2.46,2020-08-26 22:31:40
56,Saint-Philippe,RE,-21.36,55.77,71.6,72,49,5.82,2020-08-26 22:31:41
57,Carutapera,BR,-1.2,-46.02,78.19,82,10,8.12,2020-08-26 22:31:41
58,Sisimiut,GL,66.94,-53.67,49.03,68,30,3.4,2020-08-26 22:31:41
59,Tuatapere,NZ,-46.13,167.68,45.0,72,91,11.01,2020-08-26 22:31:41
60,Pangnirtung,CA,66.15,-65.71,47.52,71,57,3.15,2020-08-26 22:31:41
61,Challapata,BO,-18.9,-66.77,50.02,46,0,2.35,2020-08-26 22:31:41
62,Hithadhoo,MV,-0.6,73.08,82.76,64,94,3.8,2020-08-26 22:31:41
63,Cape Town,ZA,-33.93,18.42,57.0,71,0,6.93,2020-08-26 22:28:51
64,Nanortalik,GL,60.14,-45.24,46.13,79,0,2.42,2020-08-26 22:31:42
65,Kavaratti,IN,10.57,72.64,81.39,73,100,12.3,2020-08-26 22:31:42
66,East London,ZA,-33.02,27.91,59.56,67,93,15.97,2020-08-26 22:31:42
67,Torrijos,ES,39.98,-4.28,88.0,18,0,6.33,2020-08-26 22:31:42
68,Nuuk,GL,64.18,-51.72,51.8,71,11,5.82,2020-08-26 22:31:42
69,Katsuura,JP,35.13,140.3,87.01,100,75,4.7,2020-08-26 22:31:42
70,Xichang,CN,27.9,102.26,60.1,78,10,0.85,2020-08-26 22:30:57
71,Bajil,YE,15.06,43.29,91.02,56,100,7.99,2020-08-26 22:31:43
72,Sioux Lookout,CA,50.1,-91.92,68.0,82,90,3.36,2020-08-26 22:31:43
73,Ancud,CL,-41.87,-73.82,50.0,100,90,11.41,2020-08-26 22:31:43
74,Butaritari,KI,3.07,172.79,81.86,68,0,1.81,2020-08-26 22:31:43
75,At-Bashi,KG,41.17,75.81,54.23,73,96,3.06,2020-08-26 22:31:43
76,Muros,ES,42.78,-9.06,68.0,95,16,5.99,2020-08-26 22:31:43
77,Mulege,MX,26.88,-111.98,94.37,45,0,8.7,2020-08-26 22:31:44
78,Impfondo,CG,1.64,18.07,73.06,81,97,0.18,2020-08-26 22:31:44
79,Ribeira Grande,PT,38.52,-28.7,74.3,88,81,5.48,2020-08-26 22:31:44
80,Vostok,RU,46.49,135.88,64.04,78,65,1.97,2020-08-26 22:31:44
81,Magadan,RU,59.57,150.8,54.43,47,42,1.74,2020-08-26 22:31:44
82,Pauini,BR,-7.71,-66.98,84.38,35,59,1.74,2020-08-26 22:31:44
83,Makakilo City,US,21.35,-158.09,89.6,43,40,6.93,2020-08-26 22:31:39
84,Ajaccio,FR,42.0,8.92,71.6,78,2,5.82,2020-08-26 22:31:45
85,Avarua,CK,-21.21,-159.78,77.0,61,56,4.7,2020-08-26 22:27:51
86,Upernavik,GL,72.79,-56.15,43.38,69,100,6.15,2020-08-26 22:31:45
87,Marawi,PH,8.0,124.29,75.0,93,91,4.0,2020-08-26 22:31:45
88,Tuktoyaktuk,CA,69.45,-133.04,50.0,66,20,10.29,2020-08-26 22:31:45
89,Kaoma,ZM,-14.78,24.8,60.93,42,0,1.9,2020-08-26 22:31:45
90,Syracuse,IT,37.09,15.28,78.8,78,0,8.05,2020-08-26 22:31:45
91,Luderitz,NA,-26.65,15.16,55.51,77,0,9.4,2020-08-26 22:31:46
92,Aksum,ET,14.12,38.72,59.72,93,81,1.59,2020-08-26 22:31:46
93,Awbari,LY,26.59,12.78,79.79,23,0,6.11,2020-08-26 22:31:46
94,Ambovombe,MG,-25.17,46.08,72.34,73,99,5.82,2020-08-26 22:31:46
95,Kologriv,RU,58.83,44.32,56.66,97,99,6.51,2020-08-26 22:31:46
96,Saskylakh,RU,71.92,114.08,58.51,52,4,4.5,2020-08-26 22:31:46
97,Chokurdakh,RU,70.63,147.92,40.41,91,99,6.11,2020-08-26 22:31:46
98,Sept-Iles,CA,50.2,-66.38,50.0,70,90,19.46,2020-08-26 22:31:47
99,Kalemie,CD,-5.95,29.19,74.5,55,32,4.74,2020-08-26 22:31:47
100,Skelleftea,SE,64.75,20.95,44.01,100,0,8.05,2020-08-26 22:31:47
101,Whitehorse,CA,60.72,-135.05,60.01,51,75,8.05,2020-08-26 22:31:47
102,Tacna,PE,-18.01,-70.25,62.6,77,20,10.29,2020-08-26 22:27:55
103,Atoyac,MX,20.02,-103.53,82.4,42,40,5.82,2020-08-26 22:31:47
104,Majene,ID,-3.54,118.97,78.71,73,69,16.49,2020-08-26 22:31:47
105,Tanabe,JP,33.73,135.37,84.99,74,0,1.86,2020-08-26 22:31:48
106,Balesti,RO,45.02,23.22,62.85,65,20,2.33,2020-08-26 22:31:48
107,Alto Araguaia,BR,-17.31,-53.22,78.44,27,0,4.74,2020-08-26 22:31:48
108,Korla,CN,41.76,86.15,73.38,25,45,14.41,2020-08-26 22:31:48
109,Airai,TL,-8.93,125.41,61.59,88,56,6.76,2020-08-26 22:31:48
110,Marsh Harbour,BS,26.54,-77.06,84.13,76,25,13.53,2020-08-26 22:31:49
111,Faanui,PF,-16.48,-151.75,77.4,79,18,8.9,2020-08-26 22:31:49
112,Pampa,US,35.54,-100.96,96.8,19,1,14.99,2020-08-26 22:31:49
113,Taoudenni,ML,22.68,-3.98,100.89,12,22,6.04,2020-08-26 22:31:49
114,Khatanga,RU,71.97,102.5,55.53,61,16,5.7,2020-08-26 22:31:49
115,Georgetown,MY,5.41,100.34,80.6,88,20,4.7,2020-08-26 22:31:49
116,Birao,CF,10.28,22.79,71.13,95,55,4.72,2020-08-26 22:31:49
117,Longyearbyen,SJ,78.22,15.64,39.2,69,75,11.41,2020-08-26 22:31:49
118,Norman Wells,CA,65.28,-126.83,59.0,82,75,14.99,2020-08-26 22:31:50
119,Gairatganj,IN,23.42,78.24,73.9,91,100,13.98,2020-08-26 22:31:50
120,Qasigiannguit,GL,68.82,-51.19,42.8,60,4,3.51,2020-08-26 22:31:50
121,Leningradskiy,RU,69.38,178.42,39.25,87,100,5.88,2020-08-26 22:29:04
122,Saint-Jovite,CA,46.12,-74.6,62.6,45,20,12.75,2020-08-26 22:31:50
123,Paita,PE,-5.09,-81.11,63.34,77,74,17.63,2020-08-26 22:31:50
124,Lebu,CL,-37.62,-73.65,49.98,87,93,14.2,2020-08-26 22:31:50
125,Emba,KZ,48.83,58.14,70.93,35,0,6.06,2020-08-26 22:31:51
126,Thompson,CA,55.74,-97.86,59.0,72,75,10.29,2020-08-26 22:30:58
127,Talnakh,RU,69.49,88.4,51.8,93,75,6.71,2020-08-26 22:31:51
128,Kerema,PG,-7.96,145.78,79.23,81,77,2.44,2020-08-26 22:31:51
129,Kieta,PG,-6.22,155.63,85.69,63,1,4.54,2020-08-26 22:31:51
130,Simoes,BR,-7.6,-40.82,75.58,48,11,5.32,2020-08-26 22:31:51
131,Muli,MV,2.92,73.57,83.71,67,100,9.33,2020-08-26 22:31:51
132,Praia Da Vitoria,PT,38.73,-27.07,77.0,88,20,5.64,2020-08-26 22:31:52
133,Sitka,US,57.05,-135.33,57.2,82,75,6.78,2020-08-26 22:29:38
134,Altay,CN,47.87,88.12,51.21,51,58,3.36,2020-08-26 22:31:52
135,Labytnangi,RU,66.66,66.42,50.86,90,18,2.71,2020-08-26 22:31:52
136,Vyshestebliyevskaya,RU,45.2,37.02,62.6,93,20,6.71,2020-08-26 22:31:52
137,Correntina,BR,-13.34,-44.64,68.45,25,0,4.59,2020-08-26 22:31:52
138,Rawson,AR,-43.3,-65.1,48.87,83,90,4.21,2020-08-26 22:31:52
139,Chanute,US,37.68,-95.46,93.2,49,20,13.87,2020-08-26 22:31:53
140,Lom,BG,43.81,23.24,67.48,48,18,3.94,2020-08-26 22:31:53
141,Westport,US,41.14,-73.36,77.0,48,21,10.74,2020-08-26 22:31:53
142,Bathsheba,BB,13.22,-59.52,82.4,83,40,12.75,2020-08-26 22:31:53
143,Aklavik,CA,68.22,-135.01,59.0,38,20,10.29,2020-08-26 22:31:53
144,Dir,PK,35.21,71.88,68.5,69,100,2.44,2020-08-26 22:31:53
145,Shingu,JP,33.73,135.98,83.01,73,6,9.08,2020-08-26 22:31:53
146,Busselton,AU,-33.65,115.33,48.99,82,20,5.32,2020-08-26 22:31:54
147,Arinos,BR,-15.92,-46.11,66.02,27,33,1.95,2020-08-26 22:31:54
148,Hasaki,JP,35.73,140.83,82.4,94,40,3.36,2020-08-26 22:31:54
149,Salta,AR,-24.79,-65.41,78.8,29,28,16.11,2020-08-26 22:31:54
150,Ormara,PK,25.21,64.64,82.94,85,82,19.24,2020-08-26 22:31:54
151,Tiksi,RU,71.69,128.87,43.56,68,11,6.87,2020-08-26 22:31:54
152,Saint George,US,37.1,-113.58,105.01,15,1,9.17,2020-08-26 22:31:55
153,Mahebourg,MU,-20.41,57.7,69.8,88,75,18.34,2020-08-26 22:31:55
154,Carnarvon,AU,-24.87,113.63,60.8,82,0,12.75,2020-08-26 22:31:55
155,Kaitangata,NZ,-46.28,169.85,46.0,78,98,7.0,2020-08-26 22:31:55
156,Tasiilaq,GL,65.61,-37.64,33.8,100,0,8.05,2020-08-26 22:31:55
157,Sangar,RU,63.92,127.47,49.57,50,0,3.27,2020-08-26 22:31:55
158,Kyrylivka,UA,46.38,35.37,73.54,67,24,6.22,2020-08-26 22:31:55
159,Deputatskiy,RU,69.3,139.9,37.87,76,88,4.18,2020-08-26 22:31:55
160,Qaanaaq,GL,77.48,-69.36,36.9,88,100,16.49,2020-08-26 22:31:56
161,Shipunovo,RU,52.16,82.22,55.24,62,17,9.35,2020-08-26 22:31:56
162,Hofn,IS,64.25,-15.21,51.03,79,0,5.75,2020-08-26 22:31:56
163,Kaspiysk,RU,42.88,47.64,64.4,88,0,6.71,2020-08-26 22:31:56
164,Bethel,US,41.37,-73.41,75.2,29,1,9.17,2020-08-26 22:31:56
165,Nisia Floresta,BR,-6.09,-35.21,77.0,78,20,16.11,2020-08-26 22:31:57
166,Mayumba,GA,-3.43,10.66,75.02,88,100,9.22,2020-08-26 22:31:57
167,Payson,US,40.04,-111.73,99.0,13,40,9.17,2020-08-26 22:30:03
168,Weyburn,CA,49.67,-103.85,80.01,36,37,14.0,2020-08-26 22:29:58
169,Castro,BR,-24.79,-50.01,52.92,84,0,4.32,2020-08-26 22:30:57
170,Chuy,UY,-33.7,-53.46,61.56,93,97,6.2,2020-08-26 22:31:57
171,Kodiak,US,57.79,-152.41,55.4,71,90,5.82,2020-08-26 22:31:57
172,Yerbogachen,RU,61.28,108.01,45.43,64,81,6.4,2020-08-26 22:31:57
173,Salto,UY,-31.38,-57.97,73.4,64,75,4.7,2020-08-26 22:28:26
174,Faya,SA,18.39,42.45,73.4,77,97,3.49,2020-08-26 22:31:58
175,Karimganj,IN,24.87,92.35,76.59,91,99,1.77,2020-08-26 22:31:58
176,Palia Kalan,IN,28.45,80.58,81.75,80,98,1.74,2020-08-26 22:31:58
177,Nkhotakota,MW,-12.93,34.3,72.45,64,8,4.97,2020-08-26 22:31:58
178,Kruisfontein,ZA,-34.0,24.73,55.0,76,63,3.0,2020-08-26 22:31:58
179,Ilulissat,GL,69.22,-51.1,42.8,60,3,4.81,2020-08-26 22:31:58
180,Riyadh,SA,24.69,46.72,87.8,27,54,6.51,2020-08-26 22:27:34
181,Petropavlovsk-Kamchatskiy,RU,53.05,158.65,51.8,100,90,6.71,2020-08-26 22:31:59
182,Kichera,RU,55.94,110.1,58.57,59,0,6.04,2020-08-26 22:31:59
183,Byron Bay,AU,-28.65,153.62,57.2,82,2,5.82,2020-08-26 22:31:59
184,Ryotsu,JP,38.08,138.43,82.4,78,0,3.36,2020-08-26 22:31:59
185,Klaksvik,FO,62.23,-6.59,46.4,81,65,2.24,2020-08-26 22:31:59
186,Dingle,PH,11.0,122.67,77.86,83,35,1.86,2020-08-26 22:31:59
187,Esperance,AU,-33.87,121.9,46.4,100,0,9.17,2020-08-26 22:32:00
188,Sotouboua,TG,8.57,0.98,71.85,90,76,1.23,2020-08-26 22:32:00
189,Kamenka,RU,51.32,42.77,60.91,44,0,3.69,2020-08-26 22:32:00
190,Chernyshevskiy,RU,63.01,112.47,45.48,59,1,2.42,2020-08-26 22:32:00
191,Jacqueville,CI,5.21,-4.41,77.0,88,20,6.93,2020-08-26 22:32:00
192,Bira,RU,49.0,132.47,68.09,71,100,1.12,2020-08-26 22:32:00
193,Middlebury,US,44.02,-73.17,68.0,39,23,8.01,2020-08-26 22:27:04
194,Tarko-Sale,RU,64.92,77.78,51.01,93,12,1.01,2020-08-26 22:32:00
195,Silifke,TR,36.38,33.93,76.57,72,3,5.5,2020-08-26 22:32:01
196,Darhan,MN,49.49,105.92,56.37,92,96,5.44,2020-08-26 22:32:01
197,Haines Junction,CA,60.75,-137.51,58.64,45,65,8.12,2020-08-26 22:32:01
198,Amasia,TR,40.65,35.83,66.2,68,29,13.87,2020-08-26 22:32:01
199,Saldanha,ZA,-33.01,17.94,51.8,76,0,4.7,2020-08-26 22:32:01
200,New Norfolk,AU,-42.78,147.06,50.0,82,79,3.0,2020-08-26 22:32:01
201,Khash,IR,28.22,61.22,69.39,34,54,4.99,2020-08-26 22:32:01
202,Kautokeino,NO,69.01,23.04,38.98,84,95,10.45,2020-08-26 22:32:02
203,Copiapo,CL,-27.37,-70.33,57.2,67,0,17.22,2020-08-26 22:32:02
204,Severo-Kurilsk,RU,50.68,156.12,53.53,89,100,18.12,2020-08-26 22:32:02
205,Port Elizabeth,ZA,-33.92,25.57,57.2,67,75,14.99,2020-08-26 22:27:41
206,Dubinino,RU,55.62,89.09,52.81,87,97,6.87,2020-08-26 22:32:02
207,Northam,GB,51.03,-4.22,57.99,94,100,1.99,2020-08-26 22:32:02
208,Henties Bay,NA,-22.12,14.28,57.0,88,0,5.06,2020-08-26 22:32:03
209,Nanakuli,US,21.39,-158.15,89.6,43,40,6.93,2020-08-26 22:32:03
210,Laguna,US,38.42,-121.42,91.99,33,1,11.41,2020-08-26 22:32:03
211,Camacha,PT,33.08,-16.33,73.4,83,20,6.93,2020-08-26 22:32:03
212,Olga,RU,43.74,135.29,74.71,81,61,1.34,2020-08-26 22:32:03
213,Rodeo,US,38.03,-122.27,84.2,32,1,12.75,2020-08-26 22:32:03
214,Amapa,BR,1.0,-52.0,79.12,61,25,2.64,2020-08-26 22:32:03
215,Christchurch,NZ,-43.53,172.63,54.0,76,13,10.29,2020-08-26 22:31:47
216,Manaure,CO,11.78,-72.44,84.02,76,76,8.28,2020-08-26 22:32:04
217,Cabo San Lucas,MX,22.89,-109.91,91.4,55,40,9.17,2020-08-26 22:29:58
218,Barrow,US,71.29,-156.79,39.2,93,90,14.99,2020-08-26 22:32:04
219,Rio Gallegos,AR,-51.62,-69.22,35.6,69,87,3.36,2020-08-26 22:32:04
220,Tessalit,ML,20.2,1.01,90.37,35,0,3.31,2020-08-26 22:32:04
221,Linjiang,CN,41.81,126.91,70.43,86,100,7.29,2020-08-26 22:32:04
222,Diamantino,BR,-14.41,-56.45,85.12,39,26,4.68,2020-08-26 22:30:58
223,Te Anau,NZ,-45.42,167.72,43.32,81,72,1.16,2020-08-26 22:32:05
224,Mogadishu,SO,2.04,45.34,76.59,83,68,15.21,2020-08-26 22:32:05
225,Yashkul,RU,46.17,45.34,67.28,72,0,8.97,2020-08-26 22:32:05
226,Tagusao,PH,9.19,117.81,80.64,74,84,4.09,2020-08-26 22:32:05
227,Fukue,JP,32.69,128.84,81.19,85,100,16.93,2020-08-26 22:32:05
228,Grand-Lahou,CI,5.14,-5.02,73.89,91,68,7.07,2020-08-26 22:32:05
229,Pervomayskoye,RU,43.92,46.71,67.6,80,0,10.33,2020-08-26 22:28:23
230,Santa Fe,AR,-31.63,-60.7,64.99,72,65,4.0,2020-08-26 22:32:06
231,Port Hedland,AU,-20.32,118.57,68.0,64,0,10.29,2020-08-26 22:32:06
232,Panaba,MX,21.28,-88.27,90.32,59,73,13.29,2020-08-26 22:32:06
233,Catamarca,AR,-28.47,-65.79,61.48,39,52,3.85,2020-08-26 22:32:06
234,Port Lincoln,AU,-34.73,135.87,56.01,77,0,8.55,2020-08-26 22:32:06
235,Ostrovnoy,RU,68.05,39.51,50.65,93,100,23.24,2020-08-26 22:32:06
236,Pizhanka,RU,57.46,48.54,61.65,73,84,13.2,2020-08-26 22:32:07
237,Mar Del Plata,AR,-38.0,-57.56,57.99,93,63,5.82,2020-08-26 22:30:51
238,Saint-Augustin,CA,51.23,-58.65,54.57,69,8,23.85,2020-08-26 22:32:07
239,Komsomolskiy,UZ,40.43,71.72,64.4,82,90,4.7,2020-08-26 22:32:07
240,Coahuayana,MX,18.73,-103.68,75.2,88,75,17.22,2020-08-26 22:32:07
241,La Ronge,CA,55.1,-105.28,64.4,63,75,6.93,2020-08-26 22:32:07
242,Langenhagen,DE,52.45,9.75,62.01,82,75,23.04,2020-08-26 22:32:07
243,College,US,64.86,-147.8,57.99,82,90,3.36,2020-08-26 22:32:07
244,Porto Walter,BR,-8.27,-72.74,80.92,48,45,2.8,2020-08-26 22:32:08
245,Nhulunbuy,AU,-12.23,136.77,77.0,69,27,9.17,2020-08-26 22:32:08
246,Naryan-Mar,RU,67.67,53.09,52.36,91,100,11.61,2020-08-26 22:32:08
247,Czeladz,PL,50.32,19.08,66.99,59,89,16.11,2020-08-26 22:32:08
248,Sawakin,SD,19.11,37.33,92.23,35,19,3.98,2020-08-26 22:32:08
249,Los Llanos De Aridane,ES,28.66,-17.92,77.0,88,6,10.29,2020-08-26 22:32:08
250,Mount Holly,US,35.3,-81.02,91.4,43,75,4.7,2020-08-26 22:32:08
251,Grand Gaube,MU,-20.01,57.66,72.0,71,4,5.99,2020-08-26 22:32:09
252,Labuhan,ID,-6.88,112.21,74.12,80,76,8.95,2020-08-26 22:32:09
253,Yarensk,RU,62.17,49.09,58.71,96,100,5.99,2020-08-26 22:32:09
254,Beni,CD,0.5,29.47,62.26,100,36,1.36,2020-08-26 22:32:09
255,Gashua,NG,12.87,11.05,78.24,76,92,7.34,2020-08-26 22:32:09
256,Conde,BR,-7.26,-34.91,73.4,83,20,9.17,2020-08-26 22:32:09
257,Provideniya,RU,64.38,-173.3,55.4,71,75,6.71,2020-08-26 22:32:09
258,Clyde River,CA,70.47,-68.59,53.6,71,40,3.36,2020-08-26 22:32:10
259,Kavieng,PG,-2.57,150.8,83.19,73,24,5.06,2020-08-26 22:32:10
260,Hamilton,US,39.18,-84.53,90.0,58,40,9.17,2020-08-26 22:30:58
261,Goianesia,BR,-15.32,-49.12,72.14,20,0,5.01,2020-08-26 22:32:10
262,Fort Nelson,CA,58.81,-122.7,66.2,42,75,9.17,2020-08-26 22:27:41
263,Rocha,UY,-34.48,-54.33,64.54,95,100,2.3,2020-08-26 22:32:10
264,Inhambane,MZ,-23.86,35.38,70.61,76,45,11.7,2020-08-26 22:32:10
265,Tautira,PF,-17.73,-149.15,84.2,66,20,8.05,2020-08-26 22:32:11
266,Bambous Virieux,MU,-20.34,57.76,72.0,88,75,18.34,2020-08-26 22:32:11
267,Axim,GH,4.87,-2.24,74.66,90,100,6.17,2020-08-26 22:32:11
268,Isangel,VU,-19.55,169.27,73.4,88,90,19.64,2020-08-26 22:32:11
269,Hit,IQ,33.64,42.83,86.9,14,0,9.93,2020-08-26 22:32:11
270,Nome,US,64.5,-165.41,57.99,71,75,5.82,2020-08-26 22:28:21
271,Bumba,CD,2.18,22.47,71.31,95,77,1.99,2020-08-26 22:32:12
272,Saint-Denis,FR,48.92,2.33,64.0,67,72,1.12,2020-08-26 22:32:12
273,Yumen,CN,40.28,97.2,56.48,36,62,11.5,2020-08-26 22:32:12
274,Svay Rieng,KH,11.09,105.8,80.13,85,64,7.54,2020-08-26 22:32:12
275,Mala,PE,-12.66,-76.63,62.67,81,55,9.55,2020-08-26 22:32:12
276,Anadyr,RU,64.75,177.48,51.8,81,40,4.47,2020-08-26 22:32:12
277,Itarema,BR,-2.92,-39.92,77.88,79,0,12.91,2020-08-26 22:32:13
278,Gamba,GA,-2.65,10.0,74.32,89,100,8.32,2020-08-26 22:32:13
279,Cockburn Town,TC,21.46,-71.14,83.66,81,6,16.31,2020-08-26 22:32:13
280,Tadine,NC,-21.55,167.88,69.96,64,32,17.34,2020-08-26 22:32:13
281,Fairbanks,US,64.84,-147.72,57.99,82,90,3.36,2020-08-26 22:30:32
282,Koroni,GR,36.8,21.95,79.0,83,0,2.24,2020-08-26 22:32:13
283,Palmeira,BR,-25.43,-50.01,53.26,70,0,5.44,2020-08-26 22:32:13
284,Varkaus,FI,62.32,27.87,51.8,87,50,5.82,2020-08-26 22:32:14
285,Saint-Leu,RE,-21.15,55.28,71.6,72,23,5.82,2020-08-26 22:32:14
286,Puerto Leguizamo,CO,-0.19,-74.78,79.39,65,38,1.83,2020-08-26 22:32:14
287,Natal,BR,-5.79,-35.21,77.0,78,20,16.11,2020-08-26 22:32:14
288,Klyuchi,RU,52.27,79.17,62.04,55,36,6.58,2020-08-26 22:32:14
289,Port Moresby,PG,-9.44,147.18,79.29,78,49,12.33,2020-08-26 22:32:14
290,Mocuba,MZ,-16.84,36.99,75.56,67,90,4.59,2020-08-26 22:32:14
291,Sao Filipe,CV,14.9,-24.5,78.06,87,74,9.78,2020-08-26 22:32:15
292,Geraldton,AU,-28.77,114.6,44.6,100,0,8.05,2020-08-26 22:32:15
293,Nuevo Imperial,PE,-13.08,-76.32,61.63,82,39,5.97,2020-08-26 22:32:15
294,Udachnyy,RU,66.42,112.4,48.2,61,40,4.47,2020-08-26 22:32:15
295,Bonavista,CA,48.65,-53.11,61.0,76,100,4.0,2020-08-26 22:32:15
296,Oktyabrskiy,RU,54.48,53.47,60.94,79,37,6.17,2020-08-26 22:32:15
297,Boma,GH,7.08,-2.17,71.26,90,39,2.01,2020-08-26 22:32:15
298,Broome,US,42.25,-75.83,71.01,63,90,6.93,2020-08-26 22:32:15
299,Raudeberg,NO,61.99,5.14,55.0,79,3,16.2,2020-08-26 22:32:16
300,Puerto Ayacucho,VE,5.66,-67.62,73.4,88,40,5.82,2020-08-26 22:32:16
301,Kahului,US,20.89,-156.47,93.2,38,40,27.51,2020-08-26 22:27:47
302,Souillac,MU,-20.52,57.52,69.8,88,75,18.34,2020-08-26 22:32:16
303,Portland,US,45.52,-122.68,81.0,36,1,8.05,2020-08-26 22:30:47
304,Lasa,IT,46.62,10.7,57.2,62,40,5.82,2020-08-26 22:32:16
305,Novikovo,RU,51.15,37.89,59.68,77,42,2.84,2020-08-26 22:32:16
306,Kaohsiung,TW,22.62,120.31,78.8,94,90,8.05,2020-08-26 22:32:17
307,Iralaya,HN,15.0,-83.23,78.8,88,40,8.05,2020-08-26 22:32:17
308,Valparaiso,CL,-33.04,-71.63,55.4,71,0,2.24,2020-08-26 22:28:54
309,Corinto,GR,37.94,22.96,79.0,54,0,1.01,2020-08-26 22:30:12
310,Victoria,HK,22.29,114.16,82.4,88,40,1.12,2020-08-26 22:32:17
311,Purpe,RU,64.48,76.69,51.01,93,50,1.01,2020-08-26 22:32:17
312,Necochea,AR,-38.55,-58.74,57.0,98,95,15.66,2020-08-26 22:32:17
313,Paoua,CF,7.24,16.44,69.8,94,99,1.34,2020-08-26 22:32:18
314,Umm Lajj,SA,25.02,37.27,83.98,72,1,7.09,2020-08-26 22:32:18
315,Xiaoshi,CN,41.3,124.12,73.4,100,90,8.95,2020-08-26 22:32:18
316,San Quintin,MX,30.48,-115.95,78.28,63,45,9.55,2020-08-26 22:28:50
317,Maceio,BR,-9.67,-35.74,73.4,73,0,2.24,2020-08-26 22:30:33
318,Mahibadhoo,MV,3.78,72.97,83.55,68,100,10.4,2020-08-26 22:32:18
319,Zhezkazgan,KZ,47.8,67.71,63.81,38,13,4.21,2020-08-26 22:32:18
320,Valleyview,CA,55.07,-117.29,67.06,41,26,10.45,2020-08-26 22:32:19
321,Kodinsk,RU,58.69,99.18,57.24,73,100,2.64,2020-08-26 22:32:03
322,Kaka,TM,37.35,59.61,66.54,33,0,7.94,2020-08-26 22:32:19
323,Elkhart,US,41.58,-85.83,89.6,46,20,14.99,2020-08-26 22:30:46
324,Khani,GE,41.96,42.96,66.2,93,0,4.7,2020-08-26 22:32:19
325,Catuday,PH,16.29,119.81,81.48,83,100,11.56,2020-08-26 22:32:19
326,Pisco,PE,-13.7,-76.22,64.4,77,71,11.41,2020-08-26 22:32:19
327,Sola,VU,-13.88,167.55,84.2,74,75,9.17,2020-08-26 22:32:19
328,Leh,IN,34.17,77.58,58.08,49,2,4.92,2020-08-26 22:32:20
329,Sechura,PE,-5.56,-80.82,66.88,65,41,17.56,2020-08-26 22:32:20
330,Kaeo,NZ,-35.1,173.78,57.99,3,4,10.0,2020-08-26 22:32:20
331,Ovsyanka,RU,55.96,92.55,46.4,100,25,4.54,2020-08-26 22:32:20
332,El Porvenir,HN,13.76,-87.35,71.6,100,75,11.41,2020-08-26 22:32:20
333,Kharela,IN,25.55,79.82,82.35,80,99,8.68,2020-08-26 22:32:20
334,Itaituba,BR,-4.28,-55.98,95.0,41,20,5.82,2020-08-26 22:32:20
335,Vardo,NO,70.37,31.11,50.0,81,75,10.29,2020-08-26 22:32:21
336,Athabasca,CA,54.72,-113.29,66.97,56,43,9.37,2020-08-26 22:32:21
337,Mpanda,TZ,-6.37,31.04,70.84,51,45,2.13,2020-08-26 22:32:21
338,Kenai,US,60.55,-151.26,55.99,82,90,4.7,2020-08-26 22:29:16
339,Khromtau,KZ,50.25,58.43,64.02,77,1,2.57,2020-08-26 22:32:21
340,Boa Vista,BR,2.82,-60.67,84.2,66,20,5.82,2020-08-26 22:32:21
341,Kalmunai,LK,7.42,81.82,78.46,81,99,5.61,2020-08-26 22:31:41
342,Ruston,US,32.52,-92.64,93.2,44,40,8.05,2020-08-26 22:32:21
343,Mangrol,IN,21.12,70.12,81.14,83,50,16.4,2020-08-26 22:32:22
344,Codajas,BR,-3.84,-62.06,80.85,63,80,0.69,2020-08-26 22:32:22
345,Cotnari,RO,47.35,26.98,66.0,65,2,1.01,2020-08-26 22:32:22
346,Formosa Do Rio Preto,BR,-11.05,-45.19,73.33,26,0,1.61,2020-08-26 22:32:22
347,Kathu,TH,7.92,98.33,86.0,88,40,4.7,2020-08-26 22:32:22
348,Uklana Mandi,IN,29.5,75.88,84.27,65,36,2.51,2020-08-26 22:32:22
349,Kazachinskoye,RU,57.7,93.28,47.86,96,21,3.69,2020-08-26 22:32:22
350,Aykhal,RU,66.0,111.5,48.2,61,40,4.47,2020-08-26 22:32:23
351,San Cristobal,VE,7.77,-72.22,82.4,78,40,9.17,2020-08-26 22:31:22
352,Vanavara,RU,60.34,102.28,48.61,70,82,5.86,2020-08-26 22:32:23
353,Mandalgovi,MN,45.76,106.27,53.82,83,5,19.8,2020-08-26 22:32:23
354,Batemans Bay,AU,-35.72,150.18,46.0,100,3,3.98,2020-08-26 22:32:23
355,Bracebridge,CA,45.03,-79.32,66.99,68,90,3.36,2020-08-26 22:32:23
356,Cheltenham,GB,51.9,-2.08,57.99,81,90,3.0,2020-08-26 22:30:06
357,Hami,CN,42.8,93.45,67.77,25,0,11.72,2020-08-26 22:32:24
358,Berlevag,NO,70.86,29.09,46.83,80,87,6.11,2020-08-26 22:32:24
359,Vila Franca Do Campo,PT,37.72,-25.43,75.2,94,75,10.29,2020-08-26 22:32:24
360,Saint Anthony,US,45.02,-93.22,91.99,49,1,11.41,2020-08-26 22:32:24
361,Idenao,CM,4.25,9.0,77.0,100,20,8.05,2020-08-26 22:32:24
362,Padang,ID,-0.95,100.35,76.98,75,76,3.89,2020-08-26 22:32:25
363,Derzhavinsk,KZ,51.1,66.32,61.95,82,75,5.84,2020-08-26 22:32:25
364,Khovu-Aksy,RU,51.13,93.6,39.31,80,0,2.62,2020-08-26 22:32:25
365,Matara,LK,5.95,80.54,77.18,87,49,6.89,2020-08-26 22:32:25
366,Egersund,NO,58.45,6.0,53.01,88,100,4.0,2020-08-26 22:32:25
367,El Prat De Llobregat,ES,41.33,2.09,81.0,74,20,1.12,2020-08-26 22:32:26
368,Yabucoa,PR,18.05,-65.88,84.0,84,7,4.0,2020-08-26 22:32:26
369,Hambantota,LK,6.12,81.12,77.0,100,5,2.24,2020-08-26 22:32:26
370,Zyryanka,RU,65.75,150.85,45.91,85,100,5.14,2020-08-26 22:32:26
371,Kudahuvadhoo,MV,2.67,72.89,83.55,67,98,9.35,2020-08-26 22:32:26
372,Chimbarongo,CL,-34.7,-71.05,57.2,54,1,8.05,2020-08-26 22:32:26
373,Chicama,PE,-7.84,-79.15,64.94,73,78,8.34,2020-08-26 22:32:26
374,Arman,RU,59.7,150.17,56.41,45,29,1.97,2020-08-26 22:32:26
375,Moron,AR,-34.65,-58.62,64.99,97,85,1.01,2020-08-26 22:32:27
376,Tyrma,RU,50.08,132.17,62.29,81,100,1.66,2020-08-26 22:32:27
377,Bogovina,RS,43.9,21.94,62.6,72,22,4.7,2020-08-26 22:32:27
378,Moussoro,TD,13.64,16.49,81.32,71,42,7.14,2020-08-26 22:31:09
379,Aswan,EG,24.09,32.91,86.41,18,9,8.43,2020-08-26 22:32:27
380,Samarai,PG,-10.62,150.67,77.99,87,100,17.05,2020-08-26 22:32:27
381,Inuvik,CA,68.35,-133.72,59.0,38,20,10.29,2020-08-26 22:32:28
382,Avera,US,33.19,-82.53,87.01,83,40,10.29,2020-08-26 22:32:28
383,Ishigaki,JP,24.34,124.16,84.2,89,75,16.11,2020-08-26 22:32:28
384,Segezha,RU,63.74,34.32,47.14,92,1,6.53,2020-08-26 22:32:28
385,Baiyin,CN,36.56,104.21,64.99,76,15,6.71,2020-08-26 22:32:28
386,Collie,AU,-33.37,116.15,46.0,82,0,2.21,2020-08-26 22:32:28
387,Mount Darwin,ZW,-16.77,31.58,63.95,48,0,4.03,2020-08-26 22:32:28
388,Taldan,RU,53.67,124.8,50.49,67,0,6.17,2020-08-26 22:32:28
389,Eenhana,NA,-17.47,16.33,71.6,33,67,11.54,2020-08-26 22:32:29
390,Floro,NO,61.6,5.03,55.4,66,54,12.75,2020-08-26 22:32:29
391,Suzano,BR,-23.54,-46.31,60.8,77,1,3.56,2020-08-26 22:32:29
392,Sambava,MG,-14.27,50.17,70.0,86,22,8.21,2020-08-26 22:32:29
393,Lompoc,US,34.64,-120.46,69.01,68,1,13.87,2020-08-26 22:27:41
394,Penzance,GB,50.12,-5.54,57.99,93,75,3.36,2020-08-26 22:28:05
395,Gigmoto,PH,13.78,124.39,82.69,78,71,4.74,2020-08-26 22:32:29
396,Xining,CN,36.62,101.77,57.97,51,79,2.08,2020-08-26 22:32:30
397,San Patricio,MX,19.22,-104.7,82.4,88,75,23.04,2020-08-26 22:32:30
398,Abu Samrah,SY,35.3,37.18,68.63,86,0,9.64,2020-08-26 22:32:30
399,Flinders,AU,-34.58,150.86,54.0,81,19,4.0,2020-08-26 22:32:30
400,Moberly,US,39.42,-92.44,91.0,58,26,3.0,2020-08-26 22:32:30
401,Santiago De Cuba,CU,20.02,-75.82,86.0,70,20,6.93,2020-08-26 22:32:30
402,Taltal,CL,-25.4,-70.48,57.9,66,0,2.75,2020-08-26 22:32:30
403,Narsaq,GL,60.92,-46.05,51.8,62,0,6.93,2020-08-26 22:32:30
404,Vao,NC,-22.67,167.48,66.87,66,61,19.93,2020-08-26 22:32:31
405,Swellendam,ZA,-34.02,20.44,59.0,62,4,8.05,2020-08-26 22:32:31
406,Guerrero Negro,MX,27.98,-114.06,81.66,59,4,16.64,2020-08-26 22:32:31
407,Kabanjahe,ID,3.1,98.49,62.42,94,44,0.45,2020-08-26 22:32:31
408,Nyurba,RU,63.28,118.33,46.81,57,0,1.23,2020-08-26 22:32:31
409,Kondopoga,RU,62.21,34.26,48.2,93,0,6.71,2020-08-26 22:32:31
410,Egvekinot,RU,66.32,-179.17,47.93,73,90,5.12,2020-08-26 22:32:31
411,Shimoda,JP,34.67,138.95,75.0,96,2,3.0,2020-08-26 22:32:32
412,Gravenhurst,CA,44.92,-79.37,66.99,68,90,3.36,2020-08-26 22:32:32
413,Ozernovskiy,RU,51.5,156.52,51.66,94,100,17.27,2020-08-26 22:32:32
414,Gat,IL,31.61,34.76,78.01,81,0,1.88,2020-08-26 22:32:32
415,Bani,DO,18.28,-70.33,89.6,66,20,6.93,2020-08-26 22:32:32
416,Wattegama,LK,6.8,81.48,77.0,100,5,2.24,2020-08-26 22:32:32
417,Sosva,RU,59.18,61.86,51.26,95,43,3.58,2020-08-26 22:32:33
418,Roma,US,43.21,-75.46,64.99,48,1,13.87,2020-08-26 22:28:15
419,Praia,CV,14.92,-23.51,80.6,83,75,5.82,2020-08-26 22:32:33
420,Nabire,ID,-3.37,135.48,77.41,81,33,2.98,2020-08-26 22:32:33
421,Quatre Cocos,MU,-20.21,57.76,72.0,88,75,18.34,2020-08-26 22:32:33
422,Florida,US,28.75,-82.5,93.0,55,40,8.05,2020-08-26 22:32:33
423,Prince Rupert,CA,54.32,-130.32,60.8,77,1,5.82,2020-08-26 22:28:21
424,Sorland,NO,67.67,12.69,49.89,69,93,15.01,2020-08-26 22:32:34
425,Bukachacha,RU,52.98,116.92,52.18,72,59,3.36,2020-08-26 22:32:34
426,Omsukchan,RU,62.53,155.8,50.04,49,100,6.49,2020-08-26 22:32:34
427,General Roca,AR,-39.03,-67.58,60.8,26,82,10.29,2020-08-26 22:28:44
428,Lakes Entrance,AU,-37.88,147.98,55.0,66,29,4.0,2020-08-26 22:32:34
429,Lucapa,AO,-8.42,20.74,72.88,56,0,2.53,2020-08-26 22:32:34
430,Akdepe,TM,42.06,59.38,64.4,52,0,6.93,2020-08-26 22:32:34
431,Wilmington,US,34.23,-77.94,89.6,49,1,8.05,2020-08-26 22:29:06
432,Cayenne,GF,4.93,-52.33,84.2,74,5,4.7,2020-08-26 22:30:05
433,Luwuk,ID,-0.95,122.79,77.09,79,94,7.61,2020-08-26 22:32:35
434,Ola,RU,59.58,151.28,54.23,46,35,2.04,2020-08-26 22:32:35
435,Bereda,ES,43.27,-7.54,68.0,96,30,1.45,2020-08-26 22:32:35
436,Tra Vinh,VN,9.93,106.35,77.74,87,25,6.64,2020-08-26 22:32:35
437,Porto Novo,BJ,6.5,2.6,75.2,94,20,10.29,2020-08-26 22:32:35
438,Knokke-Heist,BE,51.33,3.33,64.4,82,65,5.82,2020-08-26 22:32:35
439,Morondava,MG,-20.28,44.28,71.49,75,0,9.37,2020-08-26 22:32:35
440,Sulangan,PH,11.14,123.72,83.82,76,28,9.86,2020-08-26 22:32:36
441,Tual,ID,-5.67,132.75,79.84,83,39,21.85,2020-08-26 22:32:36
442,Constantine,DZ,36.37,6.61,69.8,49,0,3.36,2020-08-26 22:32:36
443,Simbahan,PH,6.3,120.58,83.71,75,76,8.28,2020-08-26 22:32:36
444,Nelson Bay,AU,-32.72,152.15,50.0,75,5,9.17,2020-08-26 22:32:36
445,Oleksandrivka,UA,48.96,32.23,60.3,58,78,1.7,2020-08-26 22:32:36
446,Posse,BR,-14.09,-46.37,70.25,22,0,6.22,2020-08-26 22:32:36
447,Aquiraz,BR,-3.9,-38.39,78.8,83,20,12.75,2020-08-26 22:32:11
448,Libertador General San Martin,AR,-23.81,-64.79,80.38,39,62,3.8,2020-08-26 22:32:37
449,Kaplice,CZ,48.74,14.5,63.0,54,1,3.0,2020-08-26 22:32:37
450,Point Pedro,LK,9.82,80.23,81.84,81,99,16.37,2020-08-26 22:32:37
451,Oussouye,SN,12.48,-16.55,78.8,94,40,4.7,2020-08-26 22:32:37
452,Vodstroy,RU,48.84,44.56,69.8,52,95,11.18,2020-08-26 22:32:37
453,Pevek,RU,69.7,170.31,36.63,94,100,1.81,2020-08-26 22:32:37
454,Bam,IR,29.11,58.36,82.47,23,98,9.75,2020-08-26 22:32:38
455,Broken Hill,AU,-31.95,141.43,50.0,40,0,4.7,2020-08-26 22:31:24
456,Biak,ID,-0.91,122.88,76.35,82,92,9.08,2020-08-26 22:32:38
457,Rundu,NA,-17.93,19.77,65.5,27,41,3.33,2020-08-26 22:32:38
458,Romitan,UZ,39.93,64.38,62.6,72,0,6.93,2020-08-26 22:32:38
459,Porbandar,IN,21.64,69.61,81.39,82,26,17.83,2020-08-26 22:32:39
460,Grindavik,IS,63.84,-22.43,48.2,70,75,8.05,2020-08-26 22:32:39
461,Douentza,ML,15.0,-2.95,84.61,59,11,6.73,2020-08-26 22:32:39
462,Vila Velha,BR,-20.33,-40.29,71.6,78,20,17.22,2020-08-26 22:32:39
463,Half Moon Bay,US,37.46,-122.43,75.0,87,90,8.05,2020-08-26 22:31:20
464,Progreso,MX,21.28,-89.67,93.0,63,75,6.93,2020-08-26 22:32:40
465,Odweyne,SO,9.41,45.06,74.77,59,89,15.64,2020-08-26 22:32:40
466,Rio Grande,BR,-32.03,-52.1,64.99,83,99,3.0,2020-08-26 22:27:43
467,Ulladulla,AU,-35.35,150.47,50.0,61,19,16.11,2020-08-26 22:32:40
468,Lima,PE,-12.04,-77.03,62.6,77,90,6.93,2020-08-26 22:30:25
469,Tazovskiy,RU,67.47,78.7,49.12,89,0,5.53,2020-08-26 22:32:40
470,Mount Isa,AU,-20.73,139.5,66.2,19,41,8.05,2020-08-26 22:32:41
471,Roald,NO,62.58,6.13,53.01,76,2,9.17,2020-08-26 22:32:41
472,Nhlangano,SZ,-27.12,31.2,44.15,97,37,1.01,2020-08-26 22:32:41
473,Karacabey,TR,40.22,28.4,73.4,83,0,8.05,2020-08-26 22:30:49
474,Verkhnyaya Inta,RU,65.98,60.31,49.78,95,9,5.37,2020-08-26 22:30:37
475,Kalaleh,IR,37.38,55.49,62.6,77,0,1.99,2020-08-26 22:32:41
476,Bazarnyye Mataki,RU,54.88,49.93,61.11,57,51,9.53,2020-08-26 22:32:41
477,Lujan,AR,-34.57,-59.1,64.0,90,83,8.01,2020-08-26 22:32:42
478,Tres Passos,BR,-27.46,-53.93,73.99,79,8,6.96,2020-08-26 22:28:17
479,Miraflores,MX,19.22,-98.81,75.2,41,75,8.05,2020-08-26 22:32:42
480,Galle,LK,6.04,80.22,79.9,83,72,7.49,2020-08-26 22:32:42
481,Saint-Pierre,RE,-21.34,55.48,68.0,72,38,5.82,2020-08-26 22:32:42
482,Presidente Medici,BR,-11.18,-61.9,87.71,36,94,2.21,2020-08-26 22:32:42
483,Baghdad,IQ,33.34,44.4,82.4,32,0,5.82,2020-08-26 22:28:15
484,Baykit,RU,61.67,96.37,53.47,69,100,2.89,2020-08-26 22:32:05
485,Wadi Musa,JO,30.32,35.48,62.89,68,0,4.14,2020-08-26 22:29:06
486,Yar-Sale,RU,66.83,70.83,52.95,89,27,6.17,2020-08-26 22:32:43
487,Bundaberg,AU,-24.85,152.35,68.0,72,16,9.17,2020-08-26 22:32:43
488,Okha,RU,53.57,142.95,55.74,78,63,6.46,2020-08-26 22:32:43
489,Santa Cruz,BO,-17.8,-63.17,82.4,58,3,16.11,2020-08-26 22:32:43
490,Mae Hong Son,TH,19.3,97.97,73.74,89,100,1.77,2020-08-26 22:30:58
491,Bagdarin,RU,54.43,113.6,49.23,79,3,2.84,2020-08-26 22:32:43
492,San-Pedro,CI,4.75,-6.64,74.07,88,52,5.75,2020-08-26 22:32:43
493,Stephenville,US,32.22,-98.2,95.0,39,75,9.17,2020-08-26 22:32:44
494,Jingdezhen,CN,29.29,117.21,74.61,93,16,1.12,2020-08-26 22:32:44
495,Thinadhoo,MV,0.53,72.93,82.17,72,100,3.71,2020-08-26 22:32:44
496,Dwarka,IN,22.24,68.97,81.7,83,83,20.22,2020-08-26 22:32:44
497,Maraa,BR,-1.83,-65.37,81.43,64,33,2.1,2020-08-26 22:32:44
498,Tymovskoye,RU,50.85,142.66,61.84,81,93,2.48,2020-08-26 22:32:44
499,Gugesti,RO,45.57,27.13,73.4,56,5,11.41,2020-08-26 22:32:44
500,Lusambo,CD,-4.97,23.45,71.83,91,58,0.6,2020-08-26 22:32:45
501,Novobiryusinskiy,RU,56.96,97.71,54.5,95,100,6.87,2020-08-26 22:32:45
502,Ustyuzhna,RU,58.84,36.43,49.87,92,91,4.9,2020-08-26 22:32:45
503,Kiunga,PG,-6.12,141.29,74.62,97,94,2.8,2020-08-26 22:32:45
504,Lata,PT,40.16,-8.33,72.0,88,4,2.84,2020-08-26 22:32:45
505,Nassau,US,40.75,-73.58,75.99,44,17,4.0,2020-08-26 22:32:45
506,Ust-Nera,RU,64.57,143.2,42.69,64,0,4.83,2020-08-26 22:32:05
507,Erode,IN,11.35,77.73,78.69,80,100,1.36,2020-08-26 22:32:47
508,Hervey Bay,AU,-25.3,152.85,60.8,72,19,9.17,2020-08-26 22:28:21
509,Sibu,MY,2.3,111.82,73.4,100,40,5.82,2020-08-26 22:32:47
510,Nuqui,CO,5.71,-77.27,82.4,69,75,8.86,2020-08-26 22:32:47
511,Lugoba,TZ,-6.45,38.33,68.36,96,25,0.89,2020-08-26 22:32:48
512,Ixtapa,MX,20.7,-105.2,87.8,70,75,9.17,2020-08-26 22:32:48
513,Kholm,RU,59.27,32.85,50.23,84,97,4.47,2020-08-26 22:32:48
514,Abatskoye,RU,56.29,70.46,55.09,94,100,10.83,2020-08-26 22:32:48
515,Semporna,MY,4.48,118.61,75.2,94,20,4.83,2020-08-26 22:32:48
516,Den Helder,NL,52.96,4.76,62.01,77,20,10.29,2020-08-26 22:32:48
517,Antofagasta,CL,-23.65,-70.4,59.0,77,40,16.11,2020-08-26 22:32:48
518,Waterloo,CA,43.47,-80.52,68.0,88,75,8.05,2020-08-26 22:30:01
519,Nador,MA,35.17,-2.93,78.8,83,20,3.36,2020-08-26 22:32:49
520,Porto Velho,BR,-8.76,-63.9,86.0,62,98,1.12,2020-08-26 22:32:49
521,Woodward,US,36.43,-99.39,96.8,24,40,10.29,2020-08-26 22:32:49
522,Batsfjord,NO,70.63,29.72,50.0,81,75,10.29,2020-08-26 22:32:49
523,Waipawa,NZ,-41.41,175.52,54.0,66,38,8.05,2020-08-26 22:32:49
524,Chara,RU,56.91,118.26,50.36,51,0,0.65,2020-08-26 22:32:49
525,Salalah,OM,17.02,54.09,77.0,94,90,4.7,2020-08-26 22:32:49
526,Chapada Dos Guimaraes,BR,-15.46,-55.75,96.8,26,75,3.36,2020-08-26 22:32:49
527,Petrolina,BR,-9.4,-40.5,78.8,47,43,2.24,2020-08-26 22:32:50
528,Bhopal,IN,23.27,77.4,73.49,89,99,12.8,2020-08-26 22:32:50
529,Cidreira,BR,-30.18,-50.21,62.65,83,8,17.63,2020-08-26 22:32:50
530,Tura,IN,25.52,90.22,75.38,87,80,4.99,2020-08-26 22:32:50
531,Pacific Grove,US,36.62,-121.92,64.4,68,90,8.05,2020-08-26 22:31:10
532,Nalut,LY,30.33,10.85,74.88,44,0,12.91,2020-08-26 22:32:51
533,Sonoita,MX,31.85,-112.83,109.0,18,3,17.98,2020-08-26 22:32:51
534,Boden,SE,65.83,21.69,46.4,93,9,6.93,2020-08-26 22:32:51
535,Pandamatenga,BW,-18.53,25.63,62.02,30,0,3.18,2020-08-26 22:32:51
536,Katherine,AU,-14.47,132.27,59.0,58,13,13.91,2020-08-26 22:32:51
537,Port-Cartier,CA,50.03,-66.87,50.0,70,90,19.46,2020-08-26 22:32:51
538,Vallenar,CL,-28.57,-70.76,58.82,44,0,2.8,2020-08-26 22:30:27
539,Walla Walla,US,46.06,-118.34,86.0,20,1,6.49,2020-08-26 22:28:10
540,Magole,TZ,-6.37,37.37,71.6,88,75,11.41,2020-08-26 22:30:21
